user,password,httpUrl
alphaadmin,123,https://example.com/users/alphaadmin
jdoe,123,https://example.com/users/jdoe
asmith,123,https://example.com/users/asmith
vasya,123,https://example.com/users/vasya
user01,123,https://example.com/users/user01
user02,123,https://example.com/users/user02
user03,123,https://example.com/users/user03
user04,123,https://example.com/users/user04
user05,123,https://example.com/users/user05
user06,123,https://example.com/users/user06
user07,123,https://example.com/users/user07
user08,123,https://example.com/users/user08
user09,123,https://example.com/users/user09
user10,123,https://example.com/users/user10
user11,123,https://example.com/users/user11
user12,123,https://example.com/users/user12
user13,123,https://example.com/users/user13
user14,123,https://example.com/users/user14
user15,123,https://example.com/users/user15
user16,123,https://example.com/users/user16
user17,123,https://example.com/users/user17
user18,123,https://example.com/users/user18
user19,123,https://example.com/users/user19
user20,123,https://example.com/users/user20
user21,123,https://example.com/users/user21
user22,123,https://example.com/users/user22
user23,123,https://example.com/users/user23
user24,123,https://example.com/users/user24
user25,123,https://example.com/users/user25
user26,123,https://example.com/users/user26
